word,frequency
game,2532
works,1055
runs,916
perfectly,644
issues,529
fine,524
work,521
screen,504
launch,478
proton,473
crashes,415
start,405
box,405
mouse,381
windows,370
run,366
settings,346
performance,338
without,314
fps,304
command,303
steam,301
issue,300
options,282
great,280
well,277
menu,276
play,276
black,276
resolution,264
get,263
first,262
error,240
even,237
version,237
seems,227
using,224
native,222
sound,219
https,218
played,218
perfect,214
like,212
set,212
worked,211
also,211
use,208
mode,207
everything,207
audio,194
working,193
running,188
tried,180
install,178
tested,174
need,171
playable,169
problems,169
tweaks,167
crash,164
graphics,162
fix,156
otherwise,156
time,153
flawlessly,152
controller,152
video,151
option,151
file,149
still,148
loading,143
window,141
wine,141
multiplayer,140
one,139
problem,135
good,135
ran,129
change,129
could,126
starts,125
would,120
load,120
add,118
esync,114
graphical,109
main,109
playing,108
installed,108
disable,108
glitches,107
desktop,107
linux,105
however,103
bit,103
back,102
sometimes,101
high,100
used,99
new,99
protontricks,97
see,95
better,94
nothing,94
minor,93
try,93
low,93
needed,93
full,91
single,90
games,90
launcher,90
click,89
ca,88
go,87
setting,86
folder,85
fullscreen,85
make,85
wo,84
default,84
around,83
plays,82
though,82
unplayable,81
cursor,80
disabling,77
fixed,76
intro,75
map,75
open,74
manually,74
starting,74
windowed,73
frame,73
save,73
changing,72
gameplay,71
input,70
player,70
videos,69
got,69
right,68
times,68
stable,67
found,66
hours,66
may,66
lag,65
able,65
smooth,65
keyboard,64
adding,64
needs,64
following,64
little,63
nvidia,63
line,62
max,62
really,62
anything,62
flawless,61
textures,61
minutes,61
files,61
widescreen,61
music,60
display,60
missing,60
completely,59
every,59
since,59
far,59
slow,58
support,58
causes,57
system,57
except,57
hardware,57
else,57
second,57
level,56
process,56
drops,56
due,56
tweak,56
old,55
much,55
freezes,55
disabled,55
enable,54
vulkan,54
seem,54
bug,54
button,54
sure,54
versions,53
winecfg,53
config,53
might,53
winetricks,53
singleplayer,52
framerate,52
enter,52
crashed,52
startup,52
virtual,52
press,52
experience,51
software,50
beta,50
menus,50
mission,50
texture,50
fails,50
pretty,49
cutscenes,49
way,48
happens,48
loads,48
message,48
installing,48
requires,48
opengl,47
others,47
started,47
acceleration,47
two,47
rename,47
custom,46
controls,45
yet,45
resolutions,45
errors,45
turn,45
download,45
makes,45
xbox,45
campaign,44
restart,44
seconds,44
monitor,44
properly,44
lot,44
server,43
available,43
immediately,43
platinum,43
stuttering,43
must,43
broken,43
ok,43
patch,43
camera,43
via,43
often,43
prefix,43
shows,42
changed,42
instead,42
find,42
appears,41
reason,41
thing,41
test,41
trying,41
enabled,41
rate,41
correctly,41
shadows,41
console,40
fixes,40
want,40
stutter,40
noticeable,40
previous,40
mentioned,40
smoothly,40
overlay,39
show,39
left,39
long,39
launches,39
mod,39
stuck,39
move,38
small,38
directory,38
report,38
directx,38
cpu,38
making,38
online,37
bad,37
occasional,37
unable,37
freeze,37
key,37
parameter,36
effects,36
engine,36
lower,36
rendering,36
random,36
another,36
crashing,36
text,35
normal,35
actually,35
kill,35
wrong,35
moving,35
bugs,35
note,35
mods,34
installation,34
sounds,34
latest,34
going,34
setup,34
probably,34
looks,34
gamepad,34
slightly,33
look,33
either,33
visible,33
initial,33
screens,33
made,33
never,33
tutorial,33
gpu,33
physx,33
switch,32
maybe,32
weird,32
end,32
appear,32
ingame,32
call,32
next,32
expected,32
gets,32
several,32
takes,32
driver,32
alt,32
terminal,32
opening,31
drivers,31
upon,31
dxvk,31
etc,31
sensitivity,31
required,31
edit,31
memory,31
almost,31
xliveless,31
goes,30
create,30
background,30
glitch,30
stutters,30
maximum,30
failed,30
added,30
cutscene,30
graphic,30
servers,29
point,29
translation,29
port,29
workaround,29
vsync,29
think,29
renderer,29
normally,29
modern,29
occasionally,29
gold,29
exception,29
testing,29
maps,29
quality,29
recommend,28
longer,28
id,28
fatal,28
supported,28
including,28
less,28
highest,27
select,27
maxed,27
beginning,27
quite,27
control,27
cause,27
reports,27
different,27
help,27
render,27
areas,27
none,27
switching,27
things,27
getting,26
launched,26
although,26
top,26
noticed,26
seemed,26
something,26
finished,26
went,26
apply,26
configuration,26
entire,26
couple,26
tab,26
enough,26
please,26
encountered,25
happen,25
know,25
changes,25
section,25
movement,25
effect,25
splash,25
solution,25
type,25
force,25
laggy,25
order,25
character,25
many,24
rating,24
launching,24
pressing,24
absolutely,24
past,24
dark,24
dosbox,24
best,24
application,24
flickering,24
drop,24
zoom,24
modes,23
excellent,23
borked,23
quit,23
certain,23
case,23
solved,23
appid,23
properties,23
drm,23
followed,23
follow,23
detected,23
general,23
executable,23
tweaking,23
intel,23
vanilla,23
laptop,23
clicking,23
x,23
missions,23
title,22
least,22
done,22
whatsoever,22
present,22
said,22
commands,22
cut,22
aa,22
crysis,22
simply,21
exit,21
away,21
randomly,21
size,21
part,21
fully,21
ignored,21
invalid,21
update,21
previously,21
restarting,21
brightness,21
nice,21
lags,21
outside,21
framerates,21
levels,21
story,21
put,21
big,21
related,21
card,21
workarounds,21
dll,21
higher,21
stops,21
stop,21
users,21
function,21
steps,21
copy,21
punkbuster,21
says,20
remember,20
object,20
whole,20
computer,20
hard,20
movies,20
source,20
say,20
opens,20
quotes,20
unofficial,20
visual,20
resolved,20
silver,20
mp,20
xrandr,20
override,20
super,20
specific,20
anyway,20
user,20
worse,20
unless,19
close,19
near,19
already,19
entering,19
compared,19
closes,19
completed,19
method,19
enabling,19
steamos,19
large,19
library,19
guide,19
wont,19
keys,19
buggy,19
content,19
gives,19
buttons,19
necessary,19
gta,19
details,18
loaded,18
mostly,18
lighting,18
possible,18
hour,18
turning,18
let,18
soon,18
original,18
preloaded,18
aco,18
compiler,18
ever,18
bottom,18
always,18
keep,18
compatibility,18
unhandled,18
log,18
buffer,18
solve,18
saving,18
view,18
client,17
strange,17
give,17
take,17
seen,17
elf,17
class,17
fast,17
afterwards,17
messed,17
odd,17
hit,17
pure,17
helps,17
lowest,17
exactly,17
systems,17
given,17
primary,17
copied,17
area,17
scene,17
boot,17
short,17
xp,17
longest,17
link,16
solid,16
fonts,16
zero,16
generally,16
results,16
experienced,16
match,16
applying,16
space,16
cinematic,16
white,16
major,16
result,16
showing,16
hangs,16
okay,16
side,16
shadow,16
core,16
anymore,16
jogo,16
impossible,15
lots,15
access,15
displays,15
multiple,15
tries,15
notice,15
ram,15
wayland,15
replace,15
allow,15
environment,15
matter,15
gave,15
parameters,15
mine,15
turns,15
allows,15
res,15
corner,15
car,15
choose,15
incompatible,15
aside,15
especially,15
home,15
usually,15
initially,15
medium,15
e,15
fog,15
bar,14
older,14
font,14
apart,14
quick,14
turned,14
natively,14
output,14
neither,14
js,14
arguments,14
configure,14
free,14
overall,14
remove,14
pops,14
address,14
ui,14
caused,14
saved,14
instantly,14
quickly,14
uses,14
page,14
exiting,14
fault,14
artifacts,14
sp,14
intended,14
dont,14
esc,14
speed,14
dialog,14
cards,14
de,14
per,14
amd,14
attempt,14
poor,14
spinning,14
hear,13
example,13
gamma,13
totally,13
showed,13
integrated,13
seemingly,13
actual,13
stuff,13
ultra,13
wait,13
cd,13
annoying,13
looking,13
stays,13
connect,13
hd,13
gone,13
comes,13
called,13
likely,13
check,13
adjusting,13
happened,13
frozen,13
recommended,13
real,13
reported,13
fov,13
scenes,13
world,13
libraries,13
name,13
difference,13
extract,13
switched,13
three,13
located,13
profile,13
people,13
eventually,13
leave,13
lines,13
installs,13
constantly,13
path,13
downloaded,13
limiter,13
silent,13
license,13
http,12
newer,12
leaving,12
luck,12
machine,12
plasma,12
min,12
standard,12
frequently,12
saves,12
come,12
quake,12
definitely,12
within,12
easily,12
noted,12
rendered,12
overrun,12
cap,12
err,12
matching,12
glitchy,12
tell,12
pc,12
runtime,12
forcing,12
inputs,12
took,12
build,12
skybox,12
sort,12
terrain,12
increase,12
unfortunately,12
yes,12
water,12
inside,12
journey,12
slowdowns,12
cracked,12
invisible,11
basically,11
displayed,11
mesa,11
app,11
automatically,11
slight,11
selecting,11
dual,11
task,11
faster,11
recent,11
creating,11
opened,11
location,11
aware,11
applied,11
demo,11
status,11
instructions,11
binaries,11
feels,11
number,11
gray,11
earlier,11
list,11
avoid,11
progress,11
finish,11
forced,11
later,11
detect,11
skip,11
emulate,11
correct,11
tabbing,11
exe,11
selection,11
primusrun,11
constant,11
trouble,11
giving,11
ini,11
seta,11
iv,11
delete,11
dlc,11
minimum,11
grey,11
code,11
locked,11
não,11
refuses,11
cp,11
rockstar,11
entry,10
becomes,10
zombies,10
program,10
light,10
parts,10
picture,10
various,10
post,10
ctd,10
read,10
image,10
renders,10
rare,10
based,10
blurry,10
values,10
glquake,10
third,10
ii,10
lutris,10
whenever,10
focus,10
fun,10
wise,10
dips,10
hud,10
extremely,10
froze,10
continue,10
shaders,10
xinput,10
corefonts,10
suggested,10
place,10
battles,10
minute,10
nearly,10
performs,10
frequent,10
blank,10
username,10
que,10
taskset,10
choppy,10
prompts,10
currently,10
antialiasing,10
winehq,9
occurs,9
valve,9
last,9
complete,9
attempted,9
resolve,9
stopped,9
shader,9
perfeitamente,9
rest,9
managed,9
logo,9
gameaction,9
actionid,9
launchapp,9
amazing,9
age,9
crackling,9
restarted,9
regular,9
editing,9
closing,9
tends,9
drive,9
gog,9
bigpicture,9
creates,9
exist,9
described,9
ie,9
rates,9
steamplay,9
useful,9
gzdoom,9
quakeworld,9
pop,9
messages,9
unlike,9
suggest,9
selected,9
manual,9
killed,9
stated,9
github,9
mess,9
highly,9
came,9
string,9
posted,9
occur,9
clean,9
hitting,9
finally,9
value,9
lan,9
ground,9
downgrade,9
atom,9
sluggish,9
mb,9
dialogue,9
bindings,9
navigate,9
env,9
building,9
twice,9
xml,9
updated,9
track,9
fact,9
thats,9
flickers,9
recipe,9
return,9
looked,9
listed,9
shown,9
dlls,9
em,9
means,9
login,9
thought,9
bloom,9
warhead,9
dropped,8
ago,8
bronze,8
improved,8
besides,8
terrible,8
directly,8
upgrade,8
oob,8
freezing,8
os,8
allowed,8
helped,8
similar,8
activate,8
popup,8
created,8
moment,8
depending,8
clients,8
apparent,8
presumably,8
moves,8
auto,8
release,8
installer,8
guess,8
glquakeworld,8
rather,8
loop,8
comments,8
module,8
complains,8
monitors,8
internet,8
early,8
counter,8
ubuntu,8
limits,8
lock,8
prevent,8
detail,8
stage,8
charm,8
race,8
feedback,8
wheel,8
rarely,8
comfortable,8
locations,8
bars,8
saying,8
plants,8
editor,8
extreme,8
hence,8
improve,8
figure,8
places,8
polling,8
calendar,8
center,8
starry,8
globe,8
attempting,8
untested,8
na,8
skirmish,8
ignore,8
trace,8
seh,8
clicks,8
playback,8
tool,8
wide,8
adjust,8
require,8
generation,8
tearing,8
da,8
funciona,8
insufficient,8
proper,8
safe,8
enhanced,8
builtin,8
engage,8
spore,8
slower,7
prevents,7
height,7
dead,7
features,7
someone,7
english,7
barely,7
everyone,7
exits,7
weapons,7
crazy,7
manjaro,7
saw,7
responding,7
doesnt,7
voice,7
non,7
provided,7
gl,7
disappears,7
heavy,7
exists,7
beyond,7
smoke,7
official,7
years,7
doom,7
additional,7
degrees,7
ports,7
limit,7
local,7
consider,7
info,7
script,7
straight,7
stretched,7
preventing,7
behavior,7
duty,7
extension,7
hiccups,7
fail,7
codec,7
active,7
variable,7
decent,7
slowly,7
ion,7
usage,7
choosing,7
information,7
language,7
frames,7
taking,7
gameid,7
jump,7
wonky,7
sky,7
successfully,7
action,7
half,7
anyone,7
hint,7
amount,7
players,7
entirely,7
connection,7
enjoy,7
thread,7
unsure,7
warning,7
lost,7
blackscreen,7
modifying,7
data,7
edition,7
configured,7
moved,7
reinstall,7
distance,7
wineprefix,7
difficult,7
objects,7
breaks,7
rid,7
slider,7
eu,7
gen,7
hang,7
plugged,7
rotate,7
panning,7
keeps,7
kind,7
larger,7
aiming,7
nvapi,7
pasta,7
renamed,7
joining,6
stick,6
identical,6
plus,6
reboot,6
im,6
extra,6
offline,6
causing,6
base,6
serious,6
adapter,6
utility,6
variables,6
state,6
edited,6
fixing,6
fedora,6
slowdown,6
butter,6
dos,6
renaming,6
requiring,6
weapon,6
replacing,6
avail,6
proprietary,6
square,6
apparently,6
aspect,6
ship,6
join,6
leaves,6
worry,6
patches,6
community,6
paste,6
year,6
format,6
booted,6
voices,6
adjustments,6
manager,6
fantastic,6
logitech,6
crackles,6
perhaps,6
consistent,6
search,6
affect,6
argument,6
plant,6
picking,6
impact,6
expect,6
noticeably,6
kernel,6
gtx,6
refresh,6
field,6
kept,6
noticable,6
reset,6
somewhat,6
frustrating,6
gate,6
researching,6
animations,6
disappear,6
average,6
write,6
ones,6
zooming,6
apt,6
shortly,6
returning,6
upgrading,6
specs,6
framework,6
addons,6
usable,6
characters,6
ntfs,6
lightning,6
flicker,6
global,6
war,6
machines,6
whitelisted,6
attempts,6
handler,6
regularly,6
wireless,6
possibly,6
accept,6
incorrectly,6
believe,6
tiny,6
updates,6
al,6
lib,6
ww,6
jack,6
session,6
respond,6
draw,6
playthrough,6
reduce,6
supports,6
se,6
compatible,6
sleep,6
patched,6
updating,6
corruption,6
registry,6
csmt,6
warfare,6
documents,6
rated,6
distro,6
cars,6
sudo,6
gfx,6
controle,6
forever,6
additionally,6
tiles,6
clicked,6
ugly,6
prompt,5
boots,5
suspect,5
unusable,5
include,5
width,5
continues,5
shoot,5
achievements,5
lose,5
interface,5
fire,5
star,5
feel,5
happening,5
finishes,5
minimize,5
controllers,5
encounter,5
stating,5
ip,5
significantly,5
alert,5
specified,5
outdated,5
break,5
verify,5
everywhere,5
wrapper,5
reach,5
beautifully,5
sequence,5
icon,5
host,5
amazingly,5
sadly,5
unknown,5
fairly,5
observed,5
defaults,5
brings,5
ultimate,5
darkplaces,5
replaced,5
pack,5
extensions,5
ratio,5
wall,5
processes,5
shut,5
external,5
quitting,5
awesome,5
loses,5
comfort,5
removes,5
applies,5
fluid,5
stability,5
artifacting,5
darker,5
perform,5
cinematics,5
driving,5
response,5
wired,5
thirteenag,5
dynamic,5
effectively,5
combat,5
permanently,5
slows,5
stages,5
edge,5
regression,5
movements,5
changedir,5
oddly,5
gt,5
pick,5
form,5
geforce,5
pixel,5
awful,5
unresponsive,5
huge,5
become,5
kinda,5
stay,5
across,5
exact,5
mind,5
microsoft,5
built,5
popping,5
civilization,5
win,5
refuse,5
noesync,5
modifications,5
battle,5
hope,5
staging,5
elements,5
hits,5
dump,5
released,5
noise,5
pressed,5
matches,5
hand,5
according,5
winxp,5
bought,5
gaming,5
infinite,5
comment,5
arrow,5
colors,5
bright,5
nicely,5
whatever,5
breaking,5
training,5
galactic,5
albeit,5
skipped,5
transition,5
mapped,5
legacy,5
offset,5
overwrite,5
meu,5
foi,5
filtering,5
xgamma,5
separate,5
bugged,5
self,5
uma,5
essentially,5
common,5
pidof,5
cores,5
recognized,5
putting,5
versus,5
suddenly,5
bioshock,5
arch,5
delay,5
fidelity,5
ootb,5
massive,5
middle,5
bypass,5
explosions,5
smoother,5
addition,5
enemy,5
spacebar,5
borderlands,5
nine,5
improvement,5
somehow,5
travel,5
optional,5
cache,5
ensure,5
appearing,5
latency,5
account,5
hopefully,5
future,5
red,5
silentpatch,5
sa,5
com,5
theft,5
known,5
blocky,5
ea,5
mass,5
classic,4
browser,4
layer,4
preferred,4
ex,4
portion,4
russian,4
limited,4
borderless,4
subtitles,4
distorted,4
connecting,4
particular,4
tricks,4
multicore,4
love,4
winedb,4
perfomance,4
funcionou,4
csgo,4
benchmark,4
false,4
device,4
procid,4
breakpad,4
understand,4
radv,4
initialize,4
throws,4
originally,4
reducing,4
supposed,4
ao,4
final,4
corrupted,4
tech,4
introduction,4
stored,4
couldnt,4
included,4
functional,4
sh,4
boxes,4
handle,4
trick,4
repeatedly,4
arcade,4
seeing,4
fresh,4
marked,4
alter,4
b,4
days,4
triple,4
define,4
preserved,4
mint,4
logos,4
skipping,4
media,4
live,4
fx,4
kde,4
degree,4
pause,4
chance,4
plain,4
consistently,4
surprising,4
considering,4
requirements,4
titled,4
framedrops,4
fill,4
reviews,4
halfway,4
considerably,4
jerky,4
uncontrollable,4
quotation,4
marks,4
unsupported,4
shell,4
depth,4
bits,4
failure,4
talking,4
checkpoint,4
placed,4
buttery,4
protection,4
dx,4
suffer,4
register,4
appeared,4
hosts,4
stonhenge,4
calandar,4
forums,4
civ,4
repeat,4
ways,4
deal,4
waiting,4
ms,4
meier,4
iii,4
conquest,4
glitched,4
repeating,4
upper,4
models,4
numpad,4
important,4
playtime,4
modded,4
preferences,4
minimal,4
expansion,4
sometime,4
day,4
partition,4
despite,4
flaws,4
par,4
instruction,4
preparing,4
xact,4
lobby,4
extensively,4
fxaa,4
blink,4
road,4
generic,4
academy,4
standalone,4
success,4
master,4
coordinates,4
confirmation,4
follows,4
pass,4
trigger,4
axis,4
dsound,4
steamcommunity,4
rig,4
angle,4
static,4
increasing,4
spot,4
deus,4
along,4
night,4
reinstalled,4
items,4
mas,4
é,4
sfx,4
direct,4
ps,4
grep,4
mv,4
unplugged,4
worlds,4
patching,4
resize,4
tied,4
wrote,4
experiencing,4
direction,4
backup,4
behaves,4
removing,4
sync,4
horrible,4
forget,4
stupid,4
credits,4
crack,4
confirmed,4
threads,4
package,4
optimus,4
eve,4
macos,4
defaulted,4
logs,4
thinkpad,4
indicator,4
ai,4
zombie,4
empty,4
resets,4
step,4
movie,4
plug,4
chapter,4
row,4
locks,4
tile,4
v,4
gallium,4
wiki,4
enjoyable,4
till,4
binkyuv,4
city,4
distortion,4
commander,4
forged,4
temporarily,4
dropdown,4
powered,4
preset,4
occasions,4
fullhd,4
cryptic,4
sto,4
rotating,4
xboxdrv,4
capture,4
sub,4
tricky,4
song,4
joystick,4
network,4
ripper,4
somewhere,4
horizontal,4
savegame,4
worth,4
anti,4
aliasing,4
manhunt,4
hunter,4
moments,4
como,4
root,4
gfwl,4
tinkering,4
execute,4
transformation,4
matrix,4
folders,4
easy,4
depois,4
arquivos,4
creature,4
entries,4
socket,3
performed,3
layout,3
completion,3
radio,3
workspace,3
weeks,3
wanted,3
didnt,3
packages,3
situation,3
die,3
immediate,3
bots,3
microstutters,3
cant,3
scripts,3
insane,3
terribly,3
checked,3
attack,3
wierd,3
true,3
miss,3
vs,3
troubles,3
displaying,3
quartz,3
stream,3
enviroment,3
logged,3
appdb,3
char,3
forward,3
visually,3
position,3
intros,3
thinks,3
reload,3
private,3
cod,3
speaking,3
begins,3
kills,3
ddraw,3
ready,3
scheme,3
hacks,3
whitelist,3
trails,3
bullet,3
args,3
authentication,3
populate,3
prevented,3
reasons,3
person,3
drastically,3
door,3
suffers,3
images,3
reached,3
floor,3
handy,3
screwed,3
stuttered,3
avoided,3
deactivating,3
activated,3
helpful,3
contrast,3
chapters,3
company,3
dropping,3
decided,3
confused,3
boost,3
grab,3
considered,3
therefore,3
forum,3
comfortably,3
officially,3
color,3
distant,3
distracting,3
thankfully,3
binary,3
c,3
total,3
review,3
vertical,3
solidly,3
deluxe,3
sticky,3
cursors,3
calling,3
cleared,3
titles,3
unity,3
aforementioned,3
pauses,3
mini,3
ending,3
model,3
processor,3
vendor,3
processors,3
express,3
scrolling,3
house,3
heavily,3
animation,3
complain,3
loss,3
alien,3
onto,3
faults,3
opt,3
dualshock,3
binding,3
freesync,3
thus,3
stonehenge,3
technology,3
reloaded,3
reasonably,3
zooms,3
wonder,3
reloading,3
meant,3
meaning,3
power,3
allocation,3
autosave,3
became,3
zoomed,3
dependencies,3
asks,3
services,3
town,3
vision,3
fsync,3
recognize,3
elsewhere,3
onscreen,3
sea,3
sorry,3
spikes,3
blue,3
idk,3
hung,3
bother,3
branch,3
googling,3
incredibly,3
prompted,3
links,3
begin,3
practically,3
flashlight,3
pitch,3
modification,3
rain,3
responsive,3
battery,3
uhd,3
pwd,3
increased,3
pcgamingwiki,3
numerous,3
thanks,3
comparable,3
yellow,3
drawn,3
edges,3
flashes,3
returned,3
republic,3
sensitive,3
configuring,3
builds,3
typing,3
fhd,3
stretch,3
quits,3
reinstalling,3
enters,3
setups,3
assertion,3
creatingprocess,3
mapping,3
n,3
cranked,3
room,3
на,3
relative,3
wants,3
modify,3
solo,3
obvious,3
functions,3
realized,3
loops,3
opinion,3
simple,3
performances,3
powerful,3
ancient,3
unstable,3
disappearing,3
resolução,3
locking,3
mipmapping,3
sweet,3
glide,3
methods,3
chose,3
kentie,3
preferable,3
uninstalled,3
manage,3
jumps,3
sneaky,3
bothered,3
sem,3
só,3
tela,3
ability,3
course,3
functionality,3
solves,3
gpus,3
regardless,3
ln,3
broke,3
platform,3
occurred,3
thru,3
midi,3
cycles,3
consequence,3
transparent,3
plasmid,3
restored,3
graphically,3
shame,3
rebooted,3
minigame,3
delayed,3
codecs,3
capped,3
playability,3
init,3
assume,3
quando,3
um,3
feature,3
perfeito,3
stuttery,3
havent,3
split,3
modified,3
forgot,3
remains,3
double,3
vcredist,3
reopening,3
afterward,3
acceptable,3
taskbar,3
potato,3
gtr,3
devenum,3
tahoma,3
scenario,3
signs,3
sigkill,3
ask,3
emulation,3
scale,3
export,3
gui,3
anisotropic,3
tudo,3
inclusive,3
clear,3
zones,3
failing,3
nowadays,3
generate,3
raise,3
parse,3
renderprog,3
decl,3
closed,3
edits,3
confirm,3
deleted,3
posts,3
skirmishes,3
supreme,3
collection,3
alliance,3
performant,3
keeping,3
artefacts,3
deleting,3
и,3
minimized,3
recommending,3
decently,3
google,3
mousekeys,3
reverting,3
accepted,3
ended,3
discovery,3
gamemode,3
target,3
glitching,3
tracking,3
advanced,3
sq,3
egpu,3
smt,3
affects,3
buildin,3
protondb,3
badly,3
prone,3
msiexec,3
lacking,3
ryzen,3
optionally,3
killing,3
ident,3
cases,3
ginput,3
mgl,3
school,3
regedit,3
squares,3
extent,3
xlive,3
crap,3
discrete,3
nenhum,3
achieve,3
range,3
planted,3
whether,3
finishing,3
radeon,3
prior,3
critical,3
particularly,3
beams,3
waited,3
looping,3
comets,3
interlacing,3
slideshow,3
extremly,3
ssaa,3
para,3
ou,3
logging,3
significant,3
ultrawide,3
archlinux,3
trees,3
activation,3
contacting,3
adventures,3
hill,3
cry,3
minecraft,3
reaches,2
extracting,2
installers,2
supplied,2
biggest,2
vac,2
stars,2
interact,2
readable,2
helicopter,2
cone,2
newest,2
lg,2
bet,2
drawback,2
italic,2
subs,2
talks,2
transitions,2
screenshot,2
whit,2
typed,2
indeed,2
months,2
runes,2
mesmo,2
sendo,2
nativo,2
gnome,2
perfecto,2
doe,2
wooting,2
surely,2
states,2
anyways,2
waitinggamewindow,2
minidump,2
caching,2
api,2
felt,2
fair,2
crosshair,2
ceiling,2
fmvs,2
irrespective,2
violation,2
minimizes,2
physical,2
navigating,2
mixing,2
pfx,2
empire,2
confusing,2
f,2
magic,2
alpha,2
pro,2
viewport,2
involved,2
meet,2
dunno,2
specifically,2
azerty,2
depends,2
mad,2
relatively,2
ten,2
merged,2
particles,2
briefly,2
yeah,2
emulator,2
wasd,2
hexen,2
bundling,2
vm,2
tilda,2
winquake,2
pasting,2
intention,2
remotely,2
gamespy,2
ezquake,2
impressed,2
bullets,2
shot,2
yamagi,2
date,2
period,2
party,2
hack,2
combination,2
kmquake,2
proceed,2
pleasant,2
caught,2
booting,2
endlessly,2
extracted,2
communicate,2
purple,2
relaunching,2
wtf,2
immediatly,2
ends,2
garbled,2
bash,2
prefer,2
frustrated,2
hesitate,2
restore,2
introduce,2
crashy,2
united,2
offensive,2
existed,2
submitted,2
activity,2
includes,2
removed,2
hardly,2
cosmetic,2
acting,2
radar,2
taken,2
leading,2
explanation,2
races,2
racing,2
brown,2
likes,2
latter,2
complex,2
tabbed,2
shortcuts,2
together,2
h,2
region,2
units,2
quest,2
interesting,2
bejeweled,2
four,2
drawing,2
maximize,2
touch,2
unnecessary,2
jitter,2
valid,2
downgrading,2
hot,2
popcap,2
completable,2
usual,2
adventure,2
peggle,2
screenmode,2
offers,2
choice,2
citing,2
cool,2
xwayland,2
brackets,2
everythings,2
discover,2
neighbour,2
dave,2
creator,2
mhz,2
logical,2
hz,2
diag,2
bus,2
vram,2
disk,2
block,2
framedrop,2
lowered,2
seed,2
lauch,2
falling,2
paths,2
collision,2
checkpoints,2
crawl,2
pointer,2
advent,2
enables,2
mice,2
notable,2
spins,2
bskybox,2
swap,2
playonlinux,2
plary,2
ist,2
fiddling,2
crucially,2
occured,2
escape,2
explained,2
agree,2
speckled,2
wonders,2
cities,2
topic,2
relation,2
enjoyed,2
alternative,2
typically,2
letters,2
fighting,2
views,2
locate,2
lack,2
prey,2
experiences,2
mins,2
chromium,2
embedded,2
lua,2
reliable,2
lowering,2
backspace,2
chat,2
platforms,2
reacts,2
navigation,2
literally,2
minus,2
plenty,2
flaw,2
six,2
intervention,2
prime,2
grows,2
screws,2
remapping,2
persist,2
cracking,2
crackly,2
igp,2
dawn,2
indicate,2
dow,2
dotnet,2
wineserver,2
viewing,2
pace,2
accelerated,2
fmv,2
pointing,2
tells,2
directplay,2
corrupt,2
tutorials,2
taa,2
disconnected,2
timeout,2
sad,2
filter,2
hair,2
meshes,2
reproducibly,2
debugger,2
ffdshow,2
dogshit,2
commando,2
cloud,2
wars,2
disables,2
send,2
jedi,2
immidiately,2
flawlesly,2
sets,2
hidden,2
dig,2
safely,2
bring,2
borders,2
timing,2
words,2
buy,2
mainly,2
rebooting,2
debug,2
updater,2
traceback,2
valueerror,2
unpack,2
verifying,2
evaluator,2
uploading,2
mask,2
artifact,2
packaged,2
explain,2
copying,2
addon,2
rounds,2
obviously,2
whats,2
malformed,2
uncheck,2
browse,2
numbers,2
ghost,2
но,2
career,2
centered,2
interaction,2
residualvm,2
echo,2
item,2
en,2
un,2
net,2
capcom,2
mandatory,2
strangle,2
hitman,2
money,2
towards,2
pushed,2
persistent,2
tho,2
dramatic,2
einfach,2
funktioniert,2
technically,2
bigger,2
symbol,2
sorts,2
worst,2
renderers,2
existing,2
annoyances,2
appropriate,2
gmdx,2
unplayably,2
har,2
imagine,2
stock,2
behaving,2
generated,2
tweaker,2
designed,2
inventory,2
roda,2
coisa,2
nem,2
tentei,2
instalar,2
term,2
liking,2
visibly,2
posting,2
throw,2
genereation,2
uggly,2
environmental,2
imho,2
reporting,2
awk,2
print,2
slowed,2
motion,2
needing,2
ogg,2
chosen,2
downloads,2
flag,2
intervals,2
occasion,2
improves,2
speedup,2
arround,2
reduced,2
stalls,2
mousewarpoverride,2
idea,2
null,2
menues,2
standing,2
pixels,2
underwater,2
watch,2
recovers,2
flight,2
resume,2
receive,2
barring,2
operates,2
pb,2
archive,2
dialogs,2
seperate,2
hovers,2
maintain,2
borderline,2
horribly,2
tomb,2
raider,2
versão,2
tive,2
baixar,2
novo,2
ele,2
ainda,2
então,2
mais,2
cai,2
drasticamente,2
dramatically,2
apenas,2
nada,2
yup,2
esta,2
wolves,2
pad,2
french,2
savegames,2
theres,2
afte,2
potentially,2
pull,2
choppiness,2
igpu,2
noob,2
dragged,2
btw,2
crippled,2
interval,2
letting,2
reasonable,2
accounts,2
traveling,2
hold,2
devs,2
evolution,2
formula,2
telling,2
lucida,2
scenarios,2
names,2
overly,2
hostile,2
oh,2
friendly,2
five,2
surface,2
unplug,2
atlantic,2
ctl,2
signal,2
remastered,2
harder,2
bottleneck,2
certainly,2
maxsimultaneousthreads,2
relies,2
advance,2
reddit,2
flags,2
coop,2
streaming,2
prerequisites,2
grind,2
correction,2
figured,2
severe,2
youtube,2
channel,2
lowspecgamer,2
varies,2
terminate,2
filename,2
capturing,2
mid,2
enjoyment,2
lead,2
dlcs,2
lowish,2
boundaries,2
moderate,2
spin,2
hosting,2
demanding,2
gliches,2
querying,2
executing,2
terminals,2
fired,2
cheat,2
comma,2
separated,2
configurations,2
beware,2
glhexen,2
landscape,2
sec,2
downside,2
unlocked,2
improvements,2
remained,2
fit,2
clipped,2
clipping,2
pulse,2
uninstall,2
reduces,2
seldom,2
compilation,2
refused,2
janky,2
crackle,2
beautiful,2
instability,2
us,2
man,2
recently,2
tl,2
dr,2
cuts,2
curly,2
brace,2
extras,2
generates,2
threw,2
appdata,2
share,2
smaller,2
explosion,2
cropped,2
iffy,2
allowhwcursor,2
knew,2
whereas,2
dip,2
intense,2
flat,2
tages,2
contents,2
tales,2
rooms,2
movable,2
strokes,2
drag,2
utilization,2
rise,2
flashing,2
planets,2
today,2
populated,2
vega,2
ships,2
catch,2
holding,2
walking,2
processing,2
aur,2
fills,2
sat,2
autodetect,2
personally,2
impressive,2
faudio,2
waw,2
smoothing,2
discernible,2
maintains,2
pavucontrol,2
honestly,2
mute,2
partially,2
git,2
pipx,2
protons,2
tired,2
theorized,2
ceg,2
adjusted,2
searched,2
claims,2
el,2
imprecise,2
searching,2
indefinitely,2
automatic,2
kicked,2
optimal,2
awakened,2
nemesis,2
silently,2
asus,2
yield,2
hrs,2
brilliantly,2
detects,2
physics,2
blur,2
unclear,2
widescreenfix,2
arrows,2
dpi,2
screenshots,2
los,2
santos,2
throwing,2
nexus,2
downloading,2
issuse,2
talk,2
temporary,2
frequency,2
todos,2
hairdresser,2
penalty,2
bike,2
arriving,2
grand,2
potential,2
preformed,2
assuming,2
roughly,2
gates,2
born,2
spam,2
vast,2
blindly,2
payne,2
kb,2
suppose,2
attached,2
wich,2
quarter,2
gamebreaking,2
scaling,2
relaunched,2
resulting,2
shots,2
bounded,2
problemas,2
uns,2
aparecem,2
nos,2
há,2
comando,2
pastebin,2
simpler,2
blocking,2
connected,2
news,2
securom,2
enhancement,2
packeges,2
gtaiv,2
clearly,2
easier,2
visibility,2
dir,2
eflc,2
named,2
initiate,2
clips,2
z,2
importantly,2
armory,2
luckily,2
cpus,2
availability,2
incorrect,2
unclickable,2
awkward,2
service,2
resulted,2
initiation,2
granted,2
binds,2
uncommented,2
inverted,2
doohickies,2
hickups,2
gain,2
cover,2
mechanic,2
oddness,2
projector,2
hide,2
cell,2
ubisoft,2
tilt,2
shuttering,2
scroll,2
sequences,2
grass,2
campains,2
naval,2
pgup,2
pgdn,2
secondly,2
lastly,2
watchable,2
spaces,2
checkmark,2
notes,2
rectangles,2
nonfunctional,2
presented,2
extended,2
leads,2
problema,2
encontrei,2
redist,2
continuing,2
seas,2
warehouse,2
vai,2
cole,2
dentro,2
mesclar,2
substituir,2
veryhigh,2
ownership,2
failures,2
comrade,2
clickable,2
licensing,2
pushd,2
popd,2
newly,2
origin,2
planet,2
ravines,2
objectives,2
sections,2
police,2
shooting,2
dependency,2
reflection,2
tyres,2
grainy,2
compile,2
fcolorpixelshader,2
sent,2
quicksave,2
creation,2
antialasing,2
agreement,2
virtualization,2
hdr,2
tree,2
meddling,1
wsaeaddrnotavail,1
sames,1
selfcreated,1
joins,1
motivation,1
blackcreen,1
ogl,1
insecure,1
secured,1
sticking,1
adapt,1
heard,1
boosted,1
hellicopter,1
spotlight,1
mercy,1
circle,1
tv,1
held,1
undead,1
rush,1
onslaught,1
hospital,1
halo,1
texinfo,1
isolated,1
incident,1
willing,1
ranging,1
headlight,1
campaigns,1
subtitle,1
survivors,1
startmenu,1
lol,1
isue,1
italicized,1
legible,1
completes,1
vids,1
thank,1
sprays,1
userconfig,1
preferrable,1
lagged,1
champ,1
automated,1
punished,1
kk,1
heroes,1
microphone,1
errant,1
sin,1
cofiguracion,1
cutted,1
practice,1
prep,1
melee,1
protonfied,1
persists,1
compositing,1
antive,1
pain,1
relaunch,1
tarting,1
errno,1
execcommandline,1
executesteamurl,1
flow,1
negative,1
cs,1
overspecced,1
snaps,1
kf,1
reference,1
swithing,1
fulscrean,1
counterpart,1
chopped,1
produces,1
reinforced,1
wineconsole,1
dose,1
attributes,1
outx,1
expects,1
confirming,1
vrok,1
oldest,1
initialization,1
popped,1
unresponsiveness,1
damned,1
book,1
doubleclicking,1
alienware,1
corsair,1
ti,1
thorough,1
enormously,1
sampling,1
outputs,1
hitches,1
nativity,1
advertised,1
unrecoverable,1
scratchy,1
skippable,1
defaulting,1
caveat,1
quadrant,1
changable,1
warnings,1
lenovo,1
useless,1
fullscreeen,1
clocked,1
bordered,1
spacecraft,1
tweaked,1
diagnosing,1
scope,1
assault,1
rifle,1
discussions,1
maintained,1
happy,1
genre,1
volume,1
iwad,1
modding,1
capability,1
era,1
heretic,1
zandronum,1
interactions,1
enemies,1
vkquake,1
luxtorpeda,1
minds,1
deserves,1
engines,1
variants,1
brothers,1
fteqw,1
insteed,1
unsatisfactory,1
spammed,1
wsaeaddrunavail,1
microsecond,1
invoke,1
begininvoke,1
caller,1
synchronous,1
bool,1
runner,1
accessed,1
tilde,1
thinner,1
surprise,1
preferably,1
spearmint,1
awaiting,1
snapshot,1
draws,1
copies,1
auth,1
rip,1
cursed,1
losing,1
former,1
bee,1
nrunning,1
tend,1
complicated,1
late,1
trust,1
approaching,1
crouched,1
santa,1
monica,1
steamplays,1
applaying,1
everthing,1
clunky,1
cutout,1
gliding,1
boosting,1
peformance,1
dam,1
overflow,1
xkill,1
instance,1
vice,1
versa,1
helpfull,1
inefficient,1
rock,1
poorer,1
mother,1
wording,1
unsurprisingly,1
molasses,1
cup,1
tea,1
parks,1
fireworks,1
attractions,1
feeds,1
correctable,1
cutscenet,1
cheese,1
soundtracks,1
describe,1
perf,1
flying,1
docking,1
wintricks,1
lsi,1
dosnt,1
unreadable,1
guessed,1
lacks,1
laser,1
bypassed,1
asking,1
walkthrough,1
accelerate,1
supprise,1
restested,1
honky,1
dory,1
metallic,1
strident,1
bonus,1
splendidly,1
rotational,1
pylinuxwheel,1
quirk,1
anybody,1
doubled,1
baked,1
candidate,1
nonresponding,1
hero,1
mines,1
ctds,1
inconvenient,1
demos,1
refreshing,1
digits,1
score,1
basic,1
inaccuracies,1
speak,1
focused,1
killer,1
accel,1
instruments,1
proposed,1
mega,1
sway,1
programs,1
lunch,1
bowling,1
spike,1
compositor,1
handful,1
minigames,1
zombinator,1
avatar,1
exports,1
manufacturer,1
factor,1
genuineintel,1
brand,1
r,1
tm,1
family,1
stepping,1
hyperthreading,1
fcmov,1
aes,1
avx,1
prefetchw,1
operating,1
lts,1
foundation,1
corporation,1
vendorid,1
deviceid,1
revision,1
pci,1
msaa,1
realtek,1
miscellaneous,1
lang,1
largest,1
vr,1
headset,1
prepare,1
upstream,1
insert,1
excel,1
unusally,1
winding,1
protesters,1
elevator,1
nearby,1
degraded,1
fisrt,1
wiht,1
remembered,1
revising,1
adds,1
cutscences,1
screenratio,1
playin,1
enjoyin,1
unoddicial,1
rising,1
psychonauts,1
proving,1
differences,1
benefit,1
shutting,1
elite,1
climbing,1
swinging,1
poles,1
whoops,1
analog,1
sticks,1
neon,1
absent,1
discribed,1
retail,1
modiefied,1
vacation,1
spare,1
suprisingly,1
occuring,1
struck,1
soomed,1
triggering,1
covering,1
sized,1
mistakenly,1
unconfortable,1
mac,1
aspyre,1
publisher,1
ratings,1
definition,1
shall,1
developers,1
althought,1
adequate,1
plagued,1
аfter,1
ideas,1
obscuring,1
erroneous,1
vague,1
licenses,1
triggered,1
ad,1
classical,1
alexander,1
spoke,1
civs,1
animated,1
stats,1
steamuser,1
centred,1
discovering,1
settler,1
essential,1
element,1
strings,1
reality,1
accurately,1
interestingly,1
bounding,1
forms,1
weak,1
magnified,1
fencing,1
bound,1
occassional,1
misrenders,1
numeric,1
keypad,1
kbm,1
principle,1
corresponding,1
translated,1
fires,1
mattering,1
filesystems,1
combinations,1
dedicated,1
wrt,1
cutszenes,1
tavern,1
deck,1
wiping,1
openpimipmapchain,1
dds,1
jpg,1
tga,1
onward,1
portal,1
convenient,1
sane,1
unlisted,1
mislead,1
thinking,1
bear,1
listened,1
positive,1
blinking,1
diagnose,1
bloated,1
darkrp,1
gloriouseggroll,1
sanbox,1
hounded,1
panics,1
betas,1
experimental,1
luajit,1
trash,1
lowers,1
customized,1
dependant,1
peppered,1
reading,1
popular,1
successful,1
wtcc,1
parent,1
suggesting,1
underground,1
finisht,1
hammers,1
unnecessarily,1
oldschool,1
descent,1
sd,1
stalker,1
believes,1
oblivion,1
beat,1
thunderstorms,1
insanely,1
overheat,1
waste,1
respect,1
unstuck,1
triangles,1
aswell,1
tad,1
rolling,1
broadwell,1
becase,1
putton,1
warhammer,1
passivity,1
skrimish,1
redit,1
yera,1
wget,1
obediant,1
measure,1
sed,1
slowning,1
recognised,1
subtle,1
speedups,1
firepro,1
asf,1
rome,1
indecipherable,1
curiously,1
bik,1
counterparts,1
agp,1
aperture,1
bios,1
equally,1
challenges,1
listen,1
workarounded,1
freezed,1
mapchange,1
fallout,1
npc,1
vanishes,1
capital,1
shimmering,1
breaker,1
hower,1
lonesome,1
hopeville,1
missile,1
silo,1
bunker,1
unloading,1
instances,1
synced,1
everytime,1
littly,1
management,1
sensivity,1
charts,1
gunship,1
magnetized,1
pulls,1
imagery,1
grafical,1
resizable,1
expose,1
penalize,1
observes,1
someting,1
uncorrect,1
splashscreen,1
project,1
opensourced,1
greatif,1
ctrl,1
remembers,1
dashes,1
welcome,1
fin,1
desired,1
vrtual,1
scummvm,1
remnants,1
remnant,1
entered,1
absurdly,1
art,1
photo,1
struggling,1
lucky,1
spectator,1
plan,1
design,1
breif,1
pasted,1
nov,1
opted,1
verification,1
synchronizingcloud,1
sitelicenseseatcheckout,1
upload,1
cached,1
activateactionset,1
glowing,1
elbow,1
grease,1
abundant,1
forcefully,1
naga,1
chroma,1
psp,1
afraid,1
ghoul,1
haunting,1
rightclick,1
ghostdata,1
gedit,1
minw,1
maxw,1
minh,1
maxh,1
dimensions,1
defocusing,1
registering,1
старых,1
версия,1
протона,1
тормазила,1
постоянно,1
версии,1
летает,1
фпсов,1
seat,1
feet,1
round,1
tires,1
specced,1
vssync,1
tempermental,1
conversations,1
th,1
admin,1
privileges,1
redirected,1
subdirectory,1
absence,1
responsible,1
tljhd,1
directoty,1
hassle,1
tuve,1
exito,1
hacer,1
funcione,1
muestra,1
con,1
xna,1
redistributable,1
panell,1
trayicon,1
forgotten,1
predated,1
axes,1
l,1
locale,1
mechanics,1
compressed,1
cinepak,1
historical,1
context,1
hamachi,1
commandos,1
bcd,1
launchers,1
article,1
limiting,1
collect,1
blood,1
rank,1
offer,1
trivial,1
tone,1
whack,1
perfection,1
sessions,1
replayed,1
presets,1
garbage,1
rectangle,1
admins,1
disregard,1
impress,1
habe,1
das,1
nur,1
gestartet,1
und,1
gespielt,1
hat,1
alles,1
bestens,1
maxima,1
permitida,1
maior,1
getsymbol,1
undefined,1
backend,1
grain,1
salt,1
pushing,1
recognising,1
pathetic,1
trilinear,1
interpolation,1
rc,1
rans,1
darkness,1
kenties,1
yep,1
joke,1
sunglass,1
issued,1
introduced,1
stumbling,1
sunglasses,1
ahead,1
aug,1
tedious,1
faultless,1
spotty,1
amaizing,1
utglr,1
delivers,1
strangely,1
interfeers,1
careful,1
updrade,1
virtually,1
purest,1
development,1
wan,1
ptbr,1
necessidade,1
ajustes,1
aconteceu,1
ficar,1
constante,1
incomodou,1
muito,1
baixa,1
conserta,1
alguns,1
permite,1
rodar,1
alguém,1
interessar,1
deixo,1
aqui,1
pater,1
tips,1
sitting,1
knows,1
contribution,1
contet,1
playthrougj,1
nextgen,1
cast,1
incantation,1
hardcoded,1
ffff,1
protontweaks,1
wrongly,1
descriped,1
exhibit,1
hover,1
bookmarks,1
motive,1
considerable,1
occupy,1
excess,1
prepackaged,1
product,1
intending,1
factoring,1
fumbles,1
knowing,1
wmv,1
defunt,1
storyline,1
approximately,1
builld,1
quickest,1
comparing,1
relevant,1
tow,1
laying,1
spontaneously,1
rail,1
synchronisation,1
trains,1
unfocus,1
unaffected,1
swift,1
deployment,1
deploy,1
watched,1
agent,1
assignment,1
roamed,1
wa,1
shadowing,1
studdering,1
capable,1
pointless,1
aprox,1
constraints,1
mousexy,1
youruser,1
moreover,1
deref,1
fyi,1
atleast,1
disbale,1
noteworthy,1
accessing,1
hacking,1
audiobooks,1
disadvantage,1
posters,1
accounted,1
piece,1
paper,1
mash,1
uglier,1
diminishes,1
atmosphere,1
farmers,1
market,1
greyed,1
painfully,1
workedhttps,1
inaccessible,1
medical,1
pavilion,1
rapid,1
protagonist,1
surfacing,1
disappointing,1
untextured,1
splicer,1
jumpy,1
lowres,1
difficulties,1
preload,1
steer,1
hyperspace,1
firering,1
decade,1
centrino,1
ymmv,1
exes,1
dosboxed,1
sidestepping,1
ツ,1
работает,1
feeling,1
creeps,1
crank,1
swtich,1
normaly,1
initialized,1
component,1
url,1
friend,1
pezbot,1
improving,1
enforce,1
restricted,1
withought,1
hole,1
campain,1
playtrough,1
punk,1
buster,1
discontinued,1
meters,1
legend,1
underworld,1
twitch,1
glaring,1
washed,1
vibrant,1
restarts,1
sei,1
porque,1
após,1
vinda,1
nova,1
pior,1
corrompido,1
está,1
lá,1
boto,1
pra,1
continuar,1
fecha,1
meio,1
carregamento,1
criar,1
movimentar,1
principal,1
ponteiro,1
movimentando,1
disso,1
acontecia,1
anterior,1
rodava,1
visuals,1
gamesir,1
funcionando,1
maiores,1
ajuste,1
animals,1
walls,1
touching,1
qte,1
shake,1
laura,1
woke,1
stayed,1
vibration,1
croft,1
manor,1
mes,1
angles,1
eidos,1
grapple,1
looses,1
uninstalling,1
replicate,1
sigterm,1
pid,1
unreasonably,1
fixme,1
dbghelp,1
jerkyness,1
nixos,1
nixpkgs,1
request,1
unset,1
yikes,1
radeonsi,1
profiles,1
carried,1
bypasse,1
dopes,1
privileged,1
awhile,1
throught,1
episode,1
episodes,1
overcome,1
relly,1
retro,1
silk,1
resized,1
wm,1
reproduce,1
hinders,1
qualiy,1
surprised,1
evaporates,1
undocking,1
undock,1
dock,1
sharedcache,1
foss,1
unlikely,1
logout,1
finicky,1
fifteen,1
reportedly,1
med,1
parallel,1
trade,1
hubs,1
fest,1
tray,1
keine,1
beanstandung,1
logitec,1
wheels,1
lovely,1
simbin,1
ondemand,1
xpad,1
expansions,1
raceroom,1
andy,1
priaulx,1
crowne,1
plaza,1
evoultion,1
steamid,1
windowsos,1
stcc,1
points,1
minidumps,1
gnu,1
lastest,1
inability,1
store,1
experince,1
sword,1
frontier,1
implementing,1
centering,1
worldmap,1
reappear,1
outright,1
ejected,1
labels,1
blackouts,1
sucking,1
blackout,1
isabella,1
push,1
schemes,1
perminately,1
protonfixes,1
reaching,1
transitioning,1
hinder,1
lamb,1
fall,1
trough,1
notabilly,1
morrowind,1
react,1
ish,1
wacky,1
sensitivities,1
overhead,1
becoming,1
horizontally,1
mixture,1
libopenal,1
tasket,1
superior,1
noting,1
solus,1
current,1
bleeding,1
reflect,1
sheet,1
shakey,1
gisrunning,1
littebit,1
wish,1
keybindings,1
stoc,1
mingw,1
manipulation,1
teleport,1
fame,1
importing,1
steamlibary,1
forder,1
uncomfortable,1
lvl,1
knoxx,1
documented,1
boring,1
freshly,1
implementation,1
gn,1
repository,1
benchmarks,1
recommendations,1
detailmode,1
heaviest,1
tank,1
mileage,1
tune,1
optimization,1
requested,1
unusual,1
headstone,1
lilith,1
bearable,1
friends,1
shy,1
descriptions,1
eg,1
nostalgic,1
pt,1
regarding,1
throughout,1
punishing,1
station,1
dampened,1
mood,1
retry,1
zone,1
multipayer,1
performace,1
infrequent,1
island,1
ned,1
crahed,1
history,1
smoothig,1
yourusername,1
excelent,1
filesystem,1
judder,1
visited,1
thougt,1
typical,1
knightmare,1
front,1
rtcw,1
iortcw,1
spits,1
cfg,1
quakespam,1
thankss,1
nativ,1
xubuntu,1
всё,1
почти,1
хорошо,1
некоторые,1
разрешения,1
экрана,1
не,1
удалось,1
применить,1
lockers,1
peflectly,1
hammer,1
thyrion,1
chipset,1
infinitely,1
special,1
accelerator,1
interacted,1
resoultion,1
plaing,1
endures,1
interpolated,1
upscale,1
sharp,1
nearest,1
upscaling,1
fans,1
zippy,1
translates,1
creepy,1
beside,1
antialias,1
maxcachememorymb,1
fan,1
grabs,1
patchwork,1
quilt,1
haywire,1
life,1
inject,1
decoded,1
rainbows,1
compress,1
hdp,1
vtr,1
detrimental,1
difficulty,1
panels,1
deactivate,1
additions,1
speeds,1
enything,1
defeating,1
giant,1
mutant,1
sentences,1
understandable,1
blackish,1
guides,1
sprint,1
pistol,1
shakes,1
earthquake,1
seizures,1
transcoding,1
vo,1
transcode,1
wglcreatecontextattribsarb,1
series,1
regrettably,1
wehrmacht,1
army,1
esynch,1
unpatched,1
simplicity,1
summary,1
thq,1
coming,1
accidentally,1
ans,1
taco,1
salsa,1
meal,1
flavor,1
excellently,1
faf,1
tatsu,1
managing,1
pump,1
unit,1
sim,1
simlag,1
hdmi,1
hassles,1
opensuse,1
leap,1
apocalypse,1
скачал,1
играй,1
сеть,1
увы,1
багает,1
частенько,1
как,1
винде,1
understanding,1
permissions,1
sudden,1
glx,1
mono,1
popps,1
averaged,1
averages,1
absolute,1
wholeheartedly,1
vehicle,1
recreation,1
wonkyness,1
incomparability,1
alternatively,1
administrator,1
cracks,1
inexplicable,1
administrative,1
rights,1
ghostbusters,1
recall,1
ulimit,1
ignoring,1
mouseclicks,1
roll,1
pegged,1
prefect,1
unusually,1
descriptors,1
esd,1
conjunction,1
ferall,1
plagues,1
jittery,1
vessels,1
shooter,1
clutter,1
romulus,1
pahvo,1
underneath,1
subside,1
earth,1
pulseaudio,1
sample,1
fragments,1
specify,1
tuns,1
walk,1
autoupdate,1
dealing,1
defeat,1
borg,1
movments,1
overshoot,1
risk,1
pending,1
wheile,1
downsampling,1
phase,1
nhitcount,1
frist,1
studios,1
evhz,1
yields,1
increases,1
poe,1
increasingly,1
somwhere,1
thou,1
entirety,1
playstation,1
standards,1
steady,1
horrendous,1
hovering,1
pacing,1
complaint,1
readings,1
unpacked,1
greatly,1
topped,1
viable,1
presuming,1
qualify,1
incidentally,1
vista,1
winever,1
emulated,1
glsl,1
shadering,1
ghz,1
gigs,1
antique,1
choppyness,1
structures,1
wooded,1
doors,1
balance,1
ruin,1
nazi,1
ambient,1
nativeish,1
roger,1
guesses,1
favorite,1
spec,1
execution,1
warned,1
zip,1
label,1
prototype,1
arkham,1
cinnamon,1
flashback,1
markdown,1
pip,1
ensurepath,1
dmusic,1
mdx,1
varying,1
extents,1
dream,1
stills,1
complaints,1
surprisingly,1
aim,1
halts,1
readjusted,1
specular,1
summer,1
perfectamente,1
multijugador,1
la,1
máxima,1
calidad,1
pero,1
inicia,1
modo,1
jugador,1
manages,1
uneven,1
ahacked,1
tdm,1
domination,1
hacked,1
represent,1
bam,1
regnozied,1
isnt,1
uniform,1
secs,1
reduction,1
subpar,1
walked,1
soars,1
abnornal,1
abnormal,1
readme,1
reporter,1
marine,1
winesteam,1
validating,1
bat,1
intact,1
integral,1
geometry,1
nevertheless,1
eac,1
preformance,1
bretheren,1
preparations,1
accompany,1
versis,1
sherlock,1
holmes,1
secondary,1
preparation,1
accompanying,1
msi,1
distribution,1
repositories,1
disapear,1
exited,1
nuances,1
reflections,1
unique,1
disapears,1
advised,1
infoscreens,1
erratic,1
cotroller,1
unenjoyable,1
learning,1
heloed,1
bounds,1
dragon,1
nest,1
receives,1
itsefl,1
donwload,1
remedies,1
shock,1
dimmed,1
gtaiii,1
count,1
skips,1
components,1
passable,1
fights,1
unsuccessful,1
continously,1
cleo,1
annoyed,1
sucks,1
losts,1
catched,1
adress,1
blurring,1
beggining,1
inherent,1
among,1
occaisionally,1
directional,1
momentary,1
circling,1
leftwards,1
completly,1
mousemovement,1
stcuk,1
obs,1
kindly,1
threshold,1
rapidly,1
irreversible,1
ideal,1
emmet,1
yay,1
cycling,1
raw,1
everybody,1
facing,1
validate,1
finding,1
transfer,1
remasteredgui,1
lod,1
experimentation,1
heres,1
downgrader,1
wonderfully,1
hanging,1
pre,1
contributed,1
wshps,1
funny,1
buildings,1
rider,1
sags,1
unavailable,1
ah,1
shit,1
screwing,1
assets,1
airport,1
momentarily,1
distances,1
controler,1
dim,1
props,1
runnning,1
swimming,1
npcs,1
honk,1
horn,1
internal,1
crashs,1
passes,1
gangs,1
members,1
firing,1
loadings,1
neat,1
bulding,1
tem,1
bastante,1
altos,1
rodando,1
máximo,1
filtros,1
ativados,1
estou,1
impressionado,1
trabalho,1
porte,1
decreases,1
compain,1
kendl,1
parking,1
impacting,1
unbearable,1
honest,1
tty,1
stalled,1
indicates,1
noticing,1
wsad,1
designated,1
flawlessy,1
meetup,1
alsa,1
p,1
actions,1
preforming,1
operational,1
silky,1
pulling,1
drains,1
health,1
treat,1
passing,1
impacts,1
jpeg,1
majority,1
knock,1
android,1
kung,1
fu,1
plummet,1
behave,1
flinsy,1
revolution,1
gamepads,1
directinput,1
discord,1
stam,1
adjacent,1
waitforexitandrun,1
dirname,1
captain,1
ke,1
websites,1
flawlessely,1
hattrick,1
galloway,1
pictures,1
album,1
stairs,1
outstanding,1
stil,1
flawed,1
unloaded,1
hurt,1
realoading,1
priority,1
anypoint,1
shoddy,1
bully,1
overview,1
beacuse,1
opacity,1
minimap,1
especialy,1
bluetooth,1
pleased,1
cancelled,1
assim,1
outros,1
usuários,1
reportaram,1
abaixo,1
necessário,1
botar,1
modificação,1
iniciará,1
você,1
irá,1
querer,1
porcaria,1
qualquer,1
forma,1
tenho,1
gráfico,1
vez,1
artefatos,1
pretos,1
cantos,1
atrapalham,1
volta,1
marca,1
textura,1
porém,1
desenhos,1
botões,1
enquanto,1
feito,1
atrapalha,1
mexer,1
skyrocketed,1
restrictions,1
technical,1
combo,1
loving,1
redirects,1
localhost,1
unarchived,1
bunch,1
xmas,1
reshade,1
thos,1
equal,1
outlined,1
tracker,1
stubs,1
mix,1
unoptimized,1
folowing,1
lamps,1
avg,1
recoil,1
locally,1
typos,1
droping,1
comprehensive,1
unimportant,1
lamp,1
summaried,1
traffic,1
freecam,1
bypassing,1
exponential,1
aid,1
anywhere,1
mention,1
enforced,1
occurring,1
vi,1
propably,1
perfomrance,1
differ,1
efl,1
necessarily,1
andreas,1
separately,1
ranking,1
eyes,1
provide,1
genuine,1
orc,1
quests,1
guessing,1
sceens,1
loud,1
sit,1
retried,1
leveling,1
patient,1
carier,1
парни,1
делаем,1
по,1
гайду,1
качаем,1
эту,1
шляпу,1
кидаем,1
в,1
папку,1
obligatory,1
unfinished,1
business,1
colored,1
pixelated,1
shimmers,1
fraction,1
incl,1
deph,1
volumetric,1
zapping,1
column,1
ndshowserver,1
standpoint,1
tower,1
forge,1
helmet,1
armor,1
pages,1
arcanum,1
smelter,1
resolvable,1
hp,1
elitebook,1
pink,1
supposse,1
spotted,1
buth,1
stucked,1
fuel,1
autosetup,1
limitation,1
weirdly,1
epilepsy,1
scarecrow,1
afaikt,1
formats,1
flac,1
quicktime,1
amounts,1
nitpick,1
manageable,1
premiun,1
squashed,1
alignment,1
crashe,1
opus,1
behind,1
abysmal,1
fluctuates,1
wildly,1
problematic,1
overwrites,1
overwritten,1
soundcard,1
usb,1
instant,1
poorly,1
hitching,1
backed,1
commented,1
reapply,1
trippled,1
smoooth,1
packs,1
ocasional,1
overral,1
isos,1
contain,1
mutliplayer,1
reminds,1
mixed,1
goods,1
seriously,1
surround,1
wizard,1
ace,1
detecting,1
spawning,1
deathmatch,1
unchecking,1
invert,1
unreal,1
optimized,1
touchpad,1
rashes,1
mist,1
boss,1
assumes,1
merry,1
eax,1
enless,1
acer,1
gs,1
computers,1
fitting,1
webpage,1
description,1
selectively,1
prince,1
continuous,1
rotation,1
spent,1
investigating,1
inverting,1
misaligned,1
crosire,1
allowing,1
beforehand,1
panel,1
xfce,1
placements,1
flash,1
infront,1
lighthouse,1
splinter,1
heat,1
sorta,1
antimicro,1
popst,1
sc,1
detection,1
care,1
stably,1
deeper,1
speedrun,1
libs,1
feral,1
interactive,1
rough,1
dcompiler,1
twick,1
bugfree,1
refer,1
avoiding,1
irritating,1
jumped,1
desmon,1
miles,1
wanderings,1
meanwhile,1
team,1
devinfo,1
rebood,1
submission,1
terrorist,1
hunt,1
functioned,1
autocenter,1
navigated,1
texts,1
attributed,1
capping,1
fight,1
sounding,1
uncovering,1
symptoms,1
leak,1
fluently,1
pacific,1
determine,1
crew,1
unimplemented,1
getprivateprofilestringptr,1
cinifile,1
gwx,1
advantages,1
stretching,1
museum,1
paused,1
integrity,1
libinput,1
decimals,1
zeroes,1
coordinate,1
accommodate,1
dvorak,1
namely,1
suffice,1
steams,1
drastic,1
strategy,1
halved,1
spell,1
particle,1
hw,1
tribes,1
setvar,1
windowing,1
bytes,1
megs,1
began,1
heal,1
touched,1
antialising,1
releases,1
lingering,1
submitting,1
sporadic,1
ornaments,1
stretches,1
suit,1
equivalent,1
ought,1
rows,1
undebatably,1
decreasing,1
injecting,1
debate,1
upside,1
advantage,1
oddessy,1
exoddus,1
combined,1
blackbars,1
blacked,1
introduces,1
filled,1
perceived,1
debatable,1
interlace,1
accurate,1
sharper,1
spots,1
unwatchable,1
interlaced,1
marvellous,1
preinstalled,1
solutions,1
cccp,1
prefixes,1
towel,1
reversed,1
swapping,1
oddio,1
branches,1
tbh,1
unnoticeable,1
permanent,1
screeb,1
retested,1
recover,1
met,1
luxor,1
chording,1
lie,1
cooperate,1
fear,1
twirling,1
restores,1
remapped,1
amusingly,1
convey,1
goals,1
tvs,1
represented,1
reacting,1
visor,1
w,1
alma,1
mistranslated,1
milky,1
accessible,1
inclusion,1
messy,1
shared,1
witch,1
português,1
bom,1
único,1
realmente,1
relação,1
primeira,1
tentativa,1
sabia,1
teria,1
renomear,1
ficava,1
infinito,1
pensei,1
até,1
reembolsa,1
dei,1
pesquisava,1
renomei,1
joguei,1
menos,1
minutos,1
tipo,1
jogando,1
teclado,1
reimburse,1
compatdata,1
intermittent,1
generaly,1
tended,1
europe,1
yo,1
hade,1
forth,1
placeholder,1
highlight,1
applications,1
voip,1
depot,1
frametimes,1
lagging,1
undervolted,1
clock,1
epic,1
postprocess,1
foliage,1
serverbowser,1
readyroom,1
river,1
spawn,1
junkyard,1
wood,1
street,1
filling,1
password,1
contact,1
authenticate,1
tilted,1
mill,1
entertainment,1
encoded,1
executables,1
wit,1
suggestion,1
letterboxing,1
copie,1
pedir,1
confirme,1
permição,1
executaveis,1
clicando,1
botão,1
direito,1
cima,1
ambos,1
permetir,1
execução,1
arquivo,1
programa,1
defina,1
opção,1
inicialização,1
depos,1
jogar,1
adeus,1
preta,1
reconhece,1
tanto,1
pelo,1
blutoo,1
conectado,1
cabo,1
já,1
fica,1
incluso,1
minha,1
fist,1
aka,1
vk,1
wary,1
parity,1
jumping,1
reads,1
green,1
glimpsing,1
clouds,1
overlooking,1
recommendation,1
hardwarebreaker,1
gamers,1
transport,1
beginners,1
blacklist,1
nouveau,1
runlevel,1
storymode,1
physic,1
islandphysics,1
phenom,1
overclocked,1
yea,1
cryengine,1
eating,1
resources,1
chrome,1
ladies,1
dudes,1
khronos,1
folks,1
job,1
instructed,1
flashlights,1
act,1
bins,1
tweek,1
blast,1
transform,1
allready,1
teriable,1
reden,1
chrashes,1
alternates,1
reachable,1
sttutering,1
rocks,1
whe,1
printed,1
replacement,1
compiling,1
licence,1
slowness,1
experiment,1
enthusiast,1
meme,1
syntax,1
zsh,1
fish,1
convenience,1
bashisms,1
shore,1
investigated,1
orig,1
continued,1
gamer,1
unloads,1
manualy,1
sign,1
fucking,1
mountain,1
subject,1
downright,1
dependent,1
ridges,1
autosaves,1
runing,1
randomization,1
algorithm,1
plateaus,1
traverse,1
garbles,1
tribal,1
somebody,1
seizure,1
reedem,1
happend,1
elevators,1
grapics,1
subsequent,1
crouch,1
platinium,1
mirror,1
halt,1
ripping,1
microsuttering,1
runned,1
physycs,1
enforcing,1
forked,1
bumped,1
onboard,1
digit,1
charme,1
laggier,1
office,1
multiarch,1
responds,1
winedebug,1
ani,1
pol,1
ftw,1
rx,1
captured,1
warp,1
offered,1
undercover,1
assetto,1
corsa,1
hinting,1
segfault,1
orange,1
tint,1
intolerable,1
tyre,1
lights,1
affected,1
investigation,1
tops,1
coincidence,1
smoothish,1
witnessed,1
busted,1
erratically,1
officer,1
covered,1
paint,1
shading,1
breakdown,1
haha,1
face,1
anoyinng,1
tunnels,1
nation,1
picked,1
omly,1
rebind,1
sense,1
caveats,1
rodou,1
fosse,1
á,1
relatar,1
downthread,1
finger,1
abnormalities,1
tracers,1
impacted,1
deselect,1
authenticamd,1
maintaining,1
tests,1
eden,1
mean,1
forcelgadd,1
respectively,1
curveed,1
maxviewrange,1
zeros,1
decimal,1
crush,1
esynce,1
uplifts,1
effort,1
upcoming,1
linked,1
hurts,1
galaxy,1
beacon,1
alleviate,1
exacerbates,1
sever,1
severely,1
lesser,1
dialogues,1
periods,1
quirks,1
calls,1
altering,1
predictably,1
notwithstanding,1
setings,1
untick,1
ticked,1
mediocre,1
unplugging,1
overlayed,1
horrific,1
deadzone,1
windoor,1
somerhing,1
recovered,1
joysticks,1
regain,1
backticks,1
defunct,1
waits,1
articles,1
bumblebee,1
buf,1
modeand,1
unnamed,1
belong,1
fetch,1
minuts,1
web,1
panic,1
produce,1
abandoned,1
gleaned,1
searches,1
bpm,1
screene,1
deathspank,1
std,1
createdxgifactory,1
faild,1
marking,1
awakening,1
unfocused,1
steering,1
thereby,1
inspecting,1
operate,1
brought,1
maxsmoothedframes,1
maxsmoothedframerate,1
wager,1
athenasword,1
differs,1
remedied,1
voila,1
collapsing,1
pala,1
wake,1
semi,1
homedirectory,1
fot,1
benckmark,1
stopping,1
ailiasing,1
maximizing,1
wasnt,1
rtx,1
dreadful,1
countless,1
buses,1
predecessor,1
tapes,1
achievable,1
remind,1
vegetation,1
escaping,1
rescued,1
okayish,1
settlers,1
eastern,1
realm,1
steamdir,1
musik,1
